Workbook

Sheet plasmids
A1: addgene_id | B1: name | C1: content
A2: 51835 | B2: pAGT707 | C2: =VLOOKUP(B2,extra!A:B,2,FALSE) -> 5'UTR, Ω (Tobacco Mosaic Virus)
A3: 50347 | B3: pICSL00002 | C3: Linker for joining modules with 3' TTCG overhangs to modules with 5' GTGG overhangs
A4: 50346 | B4: pICSL00001 | C4: Linker for joining modules with 3' GTGG overhangs to modules with 5' TTCG overhangs
A5: 50345 | B5: pICH71411 | C5: =VLOOKUP(B5,extra!A:B,2,FALSE) -> 3'UTR, polyadenylation signal/terminator, RbcS3C (S. lycopersicum)
A6: 50344 | B6: pICH71431 | C6: =VLOOKUP(B6,extra!A:B,2,FALSE) -> 3'UTR, polyadenylation signal/terminator, ATPase (S. lycopersicum)
A7: 50343 | B7: pICH41432 | C7: =VLOOKUP(B7,extra!A:B,2,FALSE) -> 3'UTR, polyadenylation signal/terminator, ocs (A. tumefaciens)
A8: 50342 | B8: pICH77911 | C8: =VLOOKUP(B8,extra!A:B,2,FALSE) -> 3'UTR, polyadenylation signal/terminator, ags (A. tumefaciens)
A9: 50341 | B9: pICH77901 | C9: =VLOOKUP(B9,extra!A:B,2,FALSE) -> 3'UTR, polyadenylation signal/terminator, mas (A. tumefaciens)
A10: 50340 | B10: pICH44300 | C10: =VLOOKUP(B10,extra!A:B,2,FALSE) -> 3'UTR, polyadenylation signal/terminator, act2 (A. thaliana)
A11: 50339 | B11: pICH41421 | C11: =VLOOKUP(B11,extra!A:B,2,FALSE) -> 3'UTR, polyadenylation signal/terminator, nos (A. tumefaciens)
A12: 50338 | B12: pICH72400 | C12: =VLOOKUP(B12,extra!A:B,2,FALSE) -> 3'UTR, polyadenylation signal/terminator, Atug7 (A. tumefaciens)
A13: 50337 | B13: pICH41414 | C13: =VLOOKUP(B13,extra!A:B,2,FALSE) -> 3'UTR, polyadenylation signal/terminator, 35s (Cauliflower Mosaic Virus)
A14: 50336 | B14: pICSL70008 | C14: =VLOOKUP(B14,extra!A:B,2,FALSE) -> pFAST-R selection cassette (monomeric tagRFP from E. quadricolor fused to the coding sequence of OLE1 (A. thaliana)
A15: 50335 | B15: pICSL70005 | C15: =VLOOKUP(B15,extra!A:B,2,FALSE) -> bialaphos resistance cassette (Nos promoter (A. tumefaciens) + phosphinothricin acetyl transferase (S. hygroscopicus) + Nos terminator from (A. tumefaciens))
A16: 50334 | B16: pICSL70004 | C16: =VLOOKUP(B16,extra!A:B,2,FALSE) -> kanamycin/neomycin/paromomycin resistance cassette (Nos promoter (A. tumefaciens) + NptII (E.coli) + Ocs terminator (A. tumefaciens))
... A87: 50252 | B87: pICH41373 | C87: =VLOOKUP(B87,extra!A:B,2,FALSE) -> promoter (1.3 kb), 35s (Cauliflower Mosaic Virus)

Sheet extra
A1: pICH41373 | B1: promoter (1.3 kb), 35s (Cauliflower Mosaic Virus)
A2: pICH41388 | B2: promoter (0.4 kb), 35s (Cauliflower Mosaic Virus)
A3: pICH45089 | B3: promoter (double), 35s (Cauliflower Mosaic Virus)
A4: pICH42211 | B4: promoter nos (A. tumefaciens)
A5: pICH50581 | B5: promoter, act2 (AT3G18780, Arabidopsis thaliana)
A6: pICH42760 | B6: promoter, spm (Z. mays)
A7: pICH44157 | B7: promoter, RbcS2B (AT5g38420, A. thaliana)
A8: pICH45173 | B8: promoter, RbcS1B (AT5g38430, A. thaliana)
A9: pICH45180 | B9: promoter, RbcS3B (AT5g38410, A. thaliana)
A10: pICH45125 | B10: promoter, LHB1B1 (AT2g34430, A. thaliana)
A11: pICH45131 | B11: promoter, LHB1B2 (AT2g34420, A. thaliana)
A12: pICH45152 | B12: promoter, cab1 (AT1g29930, A. thaliana)
... A96: pAGT707 | B96: 5'UTR, Ω (Tobacco Mosaic Virus)
